{
    "keep": {
        "days": true,
        "amount": 14
    },
    "auditLog": "/app/logs/.0ef28d7d149f750dc40f64c4a4f3605d9ac9230c-audit.json",
    "files": [
        {
            "date": 1762806600111,
            "name": "/app/logs/combined-2025-11-11.log",
            "hash": "eeddfc7d3dd0f839851642cb2686cc362ca2b6402642bdee06e850343495cc6c"
        },
        {
            "date": 1762893000108,
            "name": "/app/logs/combined-2025-11-12.log",
            "hash": "f7c6618f541ea84b596abe888398384a4a9d8891e969c6afd5386089bab7ce31"
        },
        {
            "date": 1762979400049,
            "name": "/app/logs/combined-2025-11-13.log",
            "hash": "44b0037794c9a1efd2de9d528a86082c45ddf8ad692bf2f6fa45c849b7300ca2"
        },
        {
            "date": 1763065800107,
            "name": "/app/logs/combined-2025-11-14.log",
            "hash": "63d84220f6ea49b2922231885a9a18b3733f555ec2151f99b02b274dccf28e70"
        },
        {
            "date": 1763152200107,
            "name": "/app/logs/combined-2025-11-15.log",
            "hash": "36a6da73c0b6f91e6e52dff557f6f93354247aadfe11f007495f4544693cb648"
        },
        {
            "date": 1763238600048,
            "name": "/app/logs/combined-2025-11-16.log",
            "hash": "06bcd1ebe722b6925dd48086cab9489682849c34b8aa9d933d28630bdca5cb5b"
        },
        {
            "date": 1763325000127,
            "name": "/app/logs/combined-2025-11-17.log",
            "hash": "7bc4abd924b7640df4127f1b08b92d56ab17be9a6755ebe51a4fe02e8b1966c3"
        },
        {
            "date": 1763411400110,
            "name": "/app/logs/combined-2025-11-18.log",
            "hash": "9d99fe5ad9c5aefcc3efebb9d77b76c660ccc4d2dca6bdff20e04849e2b2e06a"
        },
        {
            "date": 1763497800037,
            "name": "/app/logs/combined-2025-11-19.log",
            "hash": "153e33ff771d4fb3f5892583a7912e6a44aae80ea46191dd31f8a1a7c4b94668"
        },
        {
            "date": 1763584200048,
            "name": "/app/logs/combined-2025-11-20.log",
            "hash": "5eb785c52a98b163c359c7a59e28882de9ce447d8bf5f1919923ea5a5ed5ae20"
        },
        {
            "date": 1763670600040,
            "name": "/app/logs/combined-2025-11-21.log",
            "hash": "91460643f8a6ab0a312c2cdddabc30958d0316812ef5e2af47c8cfccedda3436"
        },
        {
            "date": 1763757000045,
            "name": "/app/logs/combined-2025-11-22.log",
            "hash": "76bbfb3baabd51bec8eb97df74fa723f86255940c4dd706d5bfa6cd9bb551a51"
        },
        {
            "date": 1763843400128,
            "name": "/app/logs/combined-2025-11-23.log",
            "hash": "ede366d184a9965b051e9e786803d1c83b12edcde1054fadecc876fc94b944ba"
        },
        {
            "date": 1763929800114,
            "name": "/app/logs/combined-2025-11-24.log",
            "hash": "41e23bb27a664d01543a48c3eadfedaec776b5ce7d1fcd3a8e13ec238373c75b"
        },
        {
            "date": 1764016200053,
            "name": "/app/logs/combined-2025-11-25.log",
            "hash": "40380b05b2d16861e0ff36128966b9b489b9739e8fb7e48c9b8921ddfd720d94"
        }
    ],
    "hashType": "sha256"
}