{
    "keep": {
        "days": true,
        "amount": 14
    },
    "auditLog": "/app/logs/.279ce3e6f5441c5f89e0e0c1012388f40969c400-audit.json",
    "files": [
        {
            "date": 1762846363579,
            "name": "/app/logs/error-2025-11-11.log",
            "hash": "36987e4f9394dc809eee02b8d73b4535ea1c5849b8a5a15897a0ecb2f29669ea"
        },
        {
            "date": 1762906200089,
            "name": "/app/logs/error-2025-11-12.log",
            "hash": "33d260c460b0d7222bbf86f2c413f40feff33b9569ef1566f0d2ca650b826103"
        },
        {
            "date": 1762985100097,
            "name": "/app/logs/error-2025-11-13.log",
            "hash": "03d9bb423503d6592a68f63b8f75db22ebb1822e1e2bf980c03d28a16487ebc0"
        },
        {
            "date": 1763100131123,
            "name": "/app/logs/error-2025-11-14.log",
            "hash": "85f8310ac03ee51e6a2884f63c15fc685f22a99f49a58479eb3c0d4467e90415"
        },
        {
            "date": 1763192400186,
            "name": "/app/logs/error-2025-11-15.log",
            "hash": "82c66607651e28a5e22548ab5434971d70a9569a94355b15706f222fcfc7fe57"
        },
        {
            "date": 1763305617803,
            "name": "/app/logs/error-2025-11-16.log",
            "hash": "f31901e094f79741817ce00c91152197c7847b4d7647558057b5e45189156462"
        },
        {
            "date": 1763373616719,
            "name": "/app/logs/error-2025-11-17.log",
            "hash": "a8f283d52637b463f10586e01d02c91df09e06de164df9500a4a7cde280ce782"
        },
        {
            "date": 1763430005046,
            "name": "/app/logs/error-2025-11-18.log",
            "hash": "5be21fb1c2cb5f43e667e53b4b0f5873c9eef298a5d4519d50b51edb90fb692d"
        },
        {
            "date": 1763527205032,
            "name": "/app/logs/error-2025-11-19.log",
            "hash": "d6adee6734654cfefe79af273a2065983ab296210325c76899c2832a8759ed26"
        },
        {
            "date": 1763586305026,
            "name": "/app/logs/error-2025-11-20.log",
            "hash": "d38c04a38f95be06c7662bec932779912cce3690d3255651b25e159f46a7e362"
        },
        {
            "date": 1763705400056,
            "name": "/app/logs/error-2025-11-21.log",
            "hash": "047d9632c7416590122bb2a074c949afac2b2055cecd98ba0b5156d93b81034f"
        },
        {
            "date": 1763799000045,
            "name": "/app/logs/error-2025-11-22.log",
            "hash": "ceffe288af252c68447c853d66144cb743d8db28af4859c08efecdaed655277f"
        },
        {
            "date": 1763855100077,
            "name": "/app/logs/error-2025-11-23.log",
            "hash": "ffb459a4da46055ea2703925b2d047ee9721913644445e38fe406e269bcce0cb"
        },
        {
            "date": 1763991900094,
            "name": "/app/logs/error-2025-11-24.log",
            "hash": "8e8c4a395efb880f1571217fdba0c14ee97ee04c31132c2dddb05056d7b2b2db"
        },
        {
            "date": 1764035405029,
            "name": "/app/logs/error-2025-11-25.log",
            "hash": "dcc3df724fa4b55834afcb8acd2f371e339884873faf2945baeca72f26854d0a"
        }
    ],
    "hashType": "sha256"
}